Prediction,Option0,Option1,Option2,Option3,Option4
0,-72.51377868652344,-76.98057556152344,-81.80123901367188,-83.13449096679688,-84.42034912109375
4,-58.233009338378906,-61.084556579589844,-54.247127532958984,-57.68802261352539,-38.63468933105469
4,-78.26364135742188,-81.59788513183594,-89.38099670410156,-93.03827667236328,-71.18026733398438
4,-65.31336975097656,-59.49237060546875,-69.17256164550781,-68.94793701171875,-58.90287780761719
2,-53.36124038696289,-59.39777374267578,-46.143192291259766,-70.21047973632812,-61.048851013183594
3,-51.76005554199219,-57.01063919067383,-49.53681945800781,-48.18462371826172,-60.437931060791016
2,-78.79081726074219,-75.8938980102539,-68.38243103027344,-69.27890014648438,-85.41914367675781
0,-56.90440368652344,-80.84040069580078,-69.14141082763672,-75.08003234863281,-73.80986022949219
3,-65.66272735595703,-63.71310043334961,-61.715213775634766,-52.76721954345703,-71.96650695800781
3,-91.35018920898438,-91.44514465332031,-94.90849304199219,-81.7481460571289,-87.7045669555664
4,-59.94517517089844,-69.76215362548828,-56.37777328491211,-53.107765197753906,-45.89556884765625
0,-50.31856155395508,-60.71160888671875,-59.09058380126953,-57.735694885253906,-61.45403289794922
1,-69.84715270996094,-52.969757080078125,-69.9244155883789,-65.3814468383789,-61.484954833984375
4,-89.84061431884766,-78.14595031738281,-72.1077880859375,-75.27058410644531,-58.23862838745117
3,-65.73656463623047,-54.3284797668457,-60.48930358886719,-48.3281135559082,-54.17474365234375
3,-71.05419158935547,-71.90072631835938,-70.93792724609375,-68.66207122802734,-68.6732406616211
4,-58.45210266113281,-57.42683792114258,-58.02036666870117,-56.612335205078125,-46.43260192871094
1,-59.405975341796875,-54.35553741455078,-63.209346771240234,-58.18706130981445,-60.51175308227539
1,-85.91277313232422,-76.72940063476562,-85.54658508300781,-80.94561767578125,-87.5105972290039
2,-68.38179016113281,-72.54934692382812,-57.603973388671875,-65.94099426269531,-64.7149658203125
1,-56.35007095336914,-38.93431091308594,-55.97840118408203,-56.7994499206543,-48.07583236694336
4,-88.84230041503906,-79.50212860107422,-83.0219955444336,-80.81648254394531,-72.05998229980469
4,-84.02953338623047,-88.4394302368164,-87.18229675292969,-89.50882720947266,-82.96183776855469
1,-82.34302520751953,-72.66655731201172,-85.83517456054688,-85.17606353759766,-97.00089263916016
1,-74.3031234741211,-63.40580368041992,-83.92418670654297,-73.32239532470703,-74.27985382080078
2,-56.09254837036133,-66.01140594482422,-55.06831741333008,-69.76898193359375,-64.18428802490234
2,-88.39949035644531,-77.41127014160156,-66.89231872558594,-80.92855072021484,-84.79903411865234
3,-87.87845611572266,-98.20360565185547,-82.8272705078125,-80.99727630615234,-94.33778381347656
3,-70.47692108154297,-59.09490203857422,-59.82179641723633,-58.74402618408203,-61.19717788696289
3,-54.6550178527832,-58.9036865234375,-61.023372650146484,-47.094146728515625,-62.02153015136719
3,-76.45577239990234,-71.57861328125,-77.63885498046875,-66.89627075195312,-80.80973052978516
2,-37.14630126953125,-37.36051940917969,-24.02573585510254,-35.626007080078125,-44.899471282958984
1,-80.7477798461914,-64.42432403564453,-74.98365020751953,-75.11212921142578,-84.12493133544922
3,-51.885986328125,-51.68408966064453,-45.178558349609375,-42.3220100402832,-46.65825653076172
3,-44.5493278503418,-47.32841110229492,-48.46195983886719,-39.156070709228516,-54.43608856201172
1,-103.49671173095703,-85.98052215576172,-106.19961547851562,-108.34371948242188,-105.47835540771484
1,-54.38946533203125,-45.9161376953125,-51.27285385131836,-52.441314697265625,-55.171363830566406
0,-87.83606719970703,-100.6292495727539,-104.24765014648438,-102.5332260131836,-106.81607818603516
2,-68.58512115478516,-71.67774200439453,-63.58673095703125,-68.63147735595703,-71.11666870117188
4,-56.82769775390625,-51.378360748291016,-54.511756896972656,-52.43677520751953,-42.73582077026367
2,-90.15006256103516,-98.29785919189453,-76.01823425292969,-92.93098449707031,-89.68272399902344
0,-88.3547134399414,-107.17412567138672,-106.56842041015625,-100.4743881225586,-101.84658813476562
0,-58.543785095214844,-64.79366302490234,-74.89952850341797,-61.83509063720703,-77.25992584228516
2,-68.0973892211914,-60.470375061035156,-44.41203308105469,-58.728790283203125,-64.47664642333984
4,-42.276241302490234,-35.64817428588867,-38.09568786621094,-44.13154220581055,-33.90424728393555
4,-61.21315383911133,-64.25590515136719,-59.360740661621094,-71.86355590820312,-55.42087173461914
1,-63.46173095703125,-45.224700927734375,-58.233360290527344,-60.66795349121094,-58.18383026123047
1,-60.52857208251953,-44.81178665161133,-56.522743225097656,-56.27543640136719,-56.111961364746094
3,-100.09294128417969,-94.08614349365234,-98.66630554199219,-77.1913833618164,-95.09542083740234
4,-50.66022491455078,-53.36099624633789,-56.79344177246094,-58.59635543823242,-43.650482177734375
1,-63.45224380493164,-52.14823913574219,-55.30500793457031,-71.09677124023438,-56.98562240600586
1,-68.66410064697266,-61.61867904663086,-68.88754272460938,-73.15132141113281,-70.97357940673828
3,-47.82479476928711,-48.61971664428711,-46.622493743896484,-39.79142761230469,-57.218963623046875
1,-79.49632263183594,-66.57681274414062,-87.41613006591797,-74.55493927001953,-73.33614349365234
1,-32.001590728759766,-29.014284133911133,-33.26005935668945,-36.435150146484375,-33.61257553100586
3,-60.74940490722656,-58.618446350097656,-63.55667495727539,-54.53339767456055,-59.29960250854492
1,-104.96465301513672,-86.7696762084961,-106.56951141357422,-111.4273452758789,-98.39476013183594
1,-78.98493194580078,-63.13525390625,-89.01251983642578,-77.13668060302734,-86.3001480102539
1,-66.1417465209961,-52.43241500854492,-60.41883850097656,-68.24803924560547,-68.48967742919922
4,-69.33071899414062,-73.71530151367188,-71.8862075805664,-69.31854248046875,-68.86066436767578
3,-71.9278564453125,-72.0679702758789,-70.30623626708984,-52.860816955566406,-75.03567504882812
0,-112.69219207763672,-124.13907623291016,-126.08350372314453,-127.44901275634766,-112.81739807128906
1,-73.58513641357422,-64.2380599975586,-74.33702087402344,-75.87730407714844,-75.67386627197266
1,-70.56877899169922,-54.11503219604492,-71.4063949584961,-65.8386001586914,-71.34615325927734
1,-97.00431823730469,-83.90814208984375,-90.88700866699219,-95.34300994873047,-91.30345153808594
2,-94.65021514892578,-82.39016723632812,-75.64714813232422,-95.30379486083984,-82.81889343261719
1,-85.3187255859375,-61.52324676513672,-83.77649688720703,-84.64729309082031,-77.70247650146484
2,-74.7431869506836,-69.47807312011719,-61.91176986694336,-72.26244354248047,-72.49451446533203
2,-86.65776062011719,-81.76863861083984,-65.07136535644531,-83.94278717041016,-86.0651626586914
1,-72.39042663574219,-70.5946273803711,-83.49590301513672,-78.88931274414062,-89.01083374023438
2,-75.72749328613281,-78.02565002441406,-67.74506378173828,-81.47611236572266,-67.99089813232422
1,-55.75474166870117,-43.55988311767578,-64.73249053955078,-50.23778533935547,-51.52513122558594
0,-64.88428497314453,-75.83609771728516,-73.15492248535156,-75.70829772949219,-75.63134002685547
0,-84.35443878173828,-84.52271270751953,-94.6087417602539,-93.1623306274414,-96.15652465820312
2,-44.10251998901367,-42.291812896728516,-37.857444763183594,-39.09503936767578,-38.351993560791016
0,-47.12331771850586,-70.50110626220703,-67.83299255371094,-70.81078338623047,-65.27303314208984
1,-83.52616119384766,-75.71763610839844,-80.44158935546875,-83.1431655883789,-84.50285339355469
1,-69.86729431152344,-63.679588317871094,-81.1679458618164,-75.39818572998047,-69.27022552490234
3,-59.41141128540039,-54.15636444091797,-55.86834716796875,-47.878299713134766,-60.692588806152344
1,-34.91434860229492,-26.992780685424805,-44.68974685668945,-46.82405471801758,-38.380794525146484
3,-53.70939254760742,-52.052494049072266,-54.81684875488281,-42.77842712402344,-62.76023483276367
4,-24.940628051757812,-29.418054580688477,-24.27598762512207,-30.1708927154541,-24.030614852905273
4,-57.420738220214844,-62.77350616455078,-60.68247985839844,-54.43667221069336,-52.21647644042969
4,-54.83186721801758,-52.608551025390625,-58.19514083862305,-62.617767333984375,-50.772621154785156
0,-54.379493713378906,-61.33937072753906,-60.53522872924805,-67.88300323486328,-63.61972427368164
4,-74.53474426269531,-72.93999481201172,-79.69427490234375,-86.02909088134766,-65.32027435302734
1,-83.85403442382812,-65.16036224365234,-86.91105651855469,-82.55378723144531,-89.40676879882812
3,-93.97457122802734,-92.32344055175781,-84.46250915527344,-84.00516510009766,-85.6114730834961
3,-67.9505844116211,-65.67485809326172,-55.00541687011719,-53.60107421875,-66.48434448242188
0,-44.80318069458008,-59.44609451293945,-51.0365104675293,-51.937408447265625,-63.641178131103516
1,-86.9050064086914,-66.80132293701172,-80.007568359375,-88.14571380615234,-83.36527252197266
4,-84.95372009277344,-87.4548568725586,-79.06661987304688,-84.47053527832031,-70.46588134765625
4,-91.46306610107422,-88.84104919433594,-97.32263946533203,-86.28849029541016,-74.03527069091797
1,-66.42292022705078,-47.31853103637695,-74.34381866455078,-70.63701629638672,-60.37757110595703
3,-70.68345642089844,-59.16259002685547,-71.83700561523438,-52.68854522705078,-73.17509460449219
3,-45.288387298583984,-41.428035736083984,-46.64236068725586,-31.421039581298828,-43.981231689453125
2,-71.96488952636719,-71.62454223632812,-59.70174026489258,-68.8440933227539,-64.4430160522461
1,-87.3479995727539,-61.10647201538086,-81.56614685058594,-86.67195129394531,-82.5704116821289
1,-73.2526626586914,-56.95243835449219,-62.800209045410156,-68.44478607177734,-71.03829956054688
1,-102.07723999023438,-86.90946197509766,-104.28838348388672,-107.21955108642578,-102.94253540039062
0,-36.391510009765625,-40.16983413696289,-41.71842956542969,-41.732093811035156,-46.84586715698242
0,-59.29302215576172,-64.45447540283203,-66.72917938232422,-69.21149444580078,-67.49309539794922
1,-119.29876708984375,-105.22476959228516,-105.99563598632812,-112.57720184326172,-118.77403259277344
2,-95.86304473876953,-93.00666809082031,-80.67276763916016,-92.63946533203125,-97.54288482666016
3,-57.5580940246582,-49.281028747558594,-46.999759674072266,-41.86845397949219,-51.79924011230469
0,-75.58052062988281,-84.68270111083984,-84.19308471679688,-79.95092010498047,-84.46987915039062
1,-70.69650268554688,-49.263153076171875,-75.8712387084961,-71.33316802978516,-70.24510192871094
3,-78.48847961425781,-80.54927062988281,-77.31617736816406,-58.23439025878906,-71.4662857055664
4,-70.06739807128906,-80.42814636230469,-80.75250244140625,-84.36261749267578,-55.128875732421875
3,-129.55947875976562,-135.33204650878906,-130.83253479003906,-123.330078125,-130.36138916015625
2,-159.06924438476562,-158.5064239501953,-144.9912109375,-148.31912231445312,-153.10023498535156
1,-59.45716094970703,-55.33089828491211,-56.869232177734375,-61.696022033691406,-61.88445281982422
0,-63.85017776489258,-79.03755187988281,-79.63719940185547,-82.35211944580078,-83.66297912597656
2,-43.839717864990234,-43.95126724243164,-38.584564208984375,-40.801761627197266,-46.04119110107422
0,-51.504817962646484,-69.69264221191406,-74.179931640625,-60.00431442260742,-55.500450134277344
2,-74.31515502929688,-78.22477722167969,-64.69387817382812,-83.61355590820312,-89.22470092773438
0,-37.43740463256836,-48.65660095214844,-50.20856857299805,-48.360836029052734,-42.95169448852539
3,-108.63411712646484,-103.71470642089844,-108.1030044555664,-79.49512481689453,-100.25450897216797
2,-53.683258056640625,-53.45938491821289,-51.93424606323242,-57.77540969848633,-53.310569763183594
2,-100.0185775756836,-84.32272338867188,-75.15771484375,-90.08313751220703,-88.28022003173828
1,-68.65428924560547,-64.13275146484375,-70.0652084350586,-71.5965347290039,-67.30577850341797
2,-61.23295974731445,-62.45335006713867,-58.85209655761719,-62.520912170410156,-60.16530990600586
1,-76.88619995117188,-70.16839599609375,-70.32943725585938,-78.75458526611328,-83.0677490234375
2,-69.90807342529297,-62.74221420288086,-59.98969650268555,-77.9750747680664,-73.59699249267578
2,-61.91563034057617,-64.47441864013672,-42.81161117553711,-58.88726043701172,-60.56385040283203
4,-71.23839569091797,-71.84052276611328,-72.07303619384766,-58.870853424072266,-41.797271728515625
1,-78.12740325927734,-73.17385864257812,-81.34744262695312,-83.95771026611328,-82.47802734375
3,-121.2096939086914,-126.24585723876953,-115.4405288696289,-109.17889404296875,-118.08689880371094
4,-87.97311401367188,-85.81987762451172,-76.71369171142578,-82.08516693115234,-75.9057388305664
1,-59.9727783203125,-59.04866409301758,-68.12518310546875,-78.04512023925781,-74.14981842041016
0,-66.59378051757812,-74.16629791259766,-73.08308410644531,-74.99239349365234,-71.09025573730469
3,-67.9827880859375,-73.98241424560547,-73.84065246582031,-60.799468994140625,-65.6588134765625
4,-59.48008346557617,-57.545074462890625,-41.96428680419922,-57.36214828491211,-41.586875915527344
3,-53.08803176879883,-53.328643798828125,-63.48497009277344,-39.63477325439453,-64.02246856689453
0,-44.24477767944336,-50.98632049560547,-59.508628845214844,-64.57820892333984,-50.45199203491211
3,-99.7420883178711,-110.60765075683594,-108.41361236572266,-93.341552734375,-111.95122528076172
4,-63.69309616088867,-67.6042709350586,-59.720115661621094,-62.535118103027344,-56.03650665283203
3,-94.61296844482422,-88.1113510131836,-94.02461242675781,-86.33465576171875,-92.9590835571289
0,-62.300453186035156,-73.08928680419922,-76.02529907226562,-75.16371154785156,-79.10287475585938
4,-68.10328674316406,-67.66458892822266,-75.24459838867188,-70.23774719238281,-59.00794219970703
0,-46.70262908935547,-47.25666427612305,-48.42182159423828,-50.525665283203125,-53.694190979003906
1,-59.41683578491211,-51.875911712646484,-68.46012878417969,-71.8589096069336,-62.89411163330078
4,-84.14681243896484,-86.02024841308594,-74.9349594116211,-85.77425384521484,-74.10769653320312
0,-26.382673263549805,-41.01192855834961,-35.9087028503418,-38.969017028808594,-27.184951782226562
3,-81.98579406738281,-71.64436340332031,-69.72006225585938,-67.22628784179688,-74.52274322509766
1,-42.808807373046875,-26.840808868408203,-44.44403076171875,-44.799869537353516,-39.73387908935547
1,-93.34461212158203,-67.638916015625,-87.46613311767578,-89.17909240722656,-93.07347106933594
4,-43.69856262207031,-43.642520904541016,-36.93922424316406,-38.46924591064453,-35.48829650878906
0,-65.94657897949219,-84.4831314086914,-71.266845703125,-70.95372009277344,-83.5250473022461
2,-90.6606216430664,-96.3857192993164,-89.95332336425781,-93.99014282226562,-94.23686218261719
1,-68.80763244628906,-56.98268127441406,-57.718345642089844,-59.05031204223633,-64.25648498535156
3,-42.22548294067383,-45.530338287353516,-44.4982795715332,-33.516788482666016,-42.201995849609375
0,-69.59552001953125,-76.84258270263672,-70.57061767578125,-74.35015869140625,-80.98130798339844
4,-74.44255828857422,-75.2517318725586,-68.58683776855469,-71.55716705322266,-67.9374008178711
0,-72.39744567871094,-85.8765640258789,-90.94208526611328,-83.29544067382812,-75.10256958007812
4,-118.8539047241211,-129.8776397705078,-123.87032318115234,-128.80686950683594,-101.42523956298828
2,-56.99716567993164,-80.63721466064453,-55.552555084228516,-74.29539489746094,-74.52932739257812
2,-44.2625617980957,-46.14530944824219,-34.11301040649414,-44.85344696044922,-47.1971321105957
2,-74.8824691772461,-84.73362731933594,-65.41548156738281,-79.1413803100586,-65.5632553100586
0,-21.542293548583984,-24.57061195373535,-23.825883865356445,-28.617094039916992,-24.856332778930664
1,-72.3161392211914,-66.94645690917969,-70.78562927246094,-79.97201538085938,-70.64303588867188
1,-73.9900131225586,-66.68226623535156,-70.55633544921875,-67.06007385253906,-71.53734588623047
0,-36.22438430786133,-49.918148040771484,-59.5916748046875,-58.02942657470703,-52.7059211730957
3,-60.202571868896484,-74.20970916748047,-68.00495910644531,-57.434539794921875,-65.68032836914062
1,-75.45761108398438,-59.80414962768555,-68.71649932861328,-69.9023666381836,-65.00452423095703
1,-51.862274169921875,-29.578786849975586,-47.76152801513672,-52.651580810546875,-40.12667465209961
0,-112.930419921875,-134.81411743164062,-131.50973510742188,-130.61492919921875,-133.107177734375
0,-73.98816680908203,-92.05335235595703,-90.76473999023438,-89.84038543701172,-97.2957534790039
2,-68.29452514648438,-56.939361572265625,-46.47833251953125,-56.43162155151367,-69.27793884277344
3,-77.36038970947266,-67.85941314697266,-86.15446472167969,-61.561500549316406,-70.21458435058594
3,-57.636756896972656,-53.363731384277344,-61.57505798339844,-44.38051986694336,-62.28186798095703
2,-76.57906341552734,-76.78366088867188,-74.48363494873047,-81.23245239257812,-84.75920104980469
4,-49.71007537841797,-50.3028450012207,-49.579551696777344,-50.18443298339844,-36.622528076171875
1,-43.34210968017578,-34.08097839355469,-49.40053176879883,-34.43037033081055,-42.08464813232422
1,-48.73576354980469,-36.511924743652344,-42.24993896484375,-41.16728591918945,-38.33565902709961
4,-25.98295783996582,-31.7617244720459,-32.700687408447266,-31.01993179321289,-23.176067352294922
0,-57.34489822387695,-81.52247619628906,-70.58322143554688,-76.34214782714844,-67.26029968261719
3,-75.4549789428711,-74.1471176147461,-68.16392517089844,-61.861053466796875,-80.61534118652344
3,-53.0650634765625,-50.3523063659668,-54.65678405761719,-45.86925506591797,-55.65230178833008
4,-69.86231231689453,-67.92435455322266,-71.82081604003906,-71.90965270996094,-57.058837890625
1,-74.66618347167969,-63.88105392456055,-68.5970458984375,-74.03374481201172,-75.9081039428711
0,-62.526947021484375,-74.31269836425781,-66.08804321289062,-75.0766372680664,-76.67041778564453
2,-85.74305725097656,-91.73627471923828,-72.50684356689453,-85.9246597290039,-73.30974578857422
0,-36.98995590209961,-47.047576904296875,-38.67638397216797,-41.94321823120117,-40.49195861816406
3,-62.55490493774414,-68.89307403564453,-63.407264709472656,-57.16028594970703,-72.39302825927734
0,-115.33043670654297,-115.68184661865234,-122.07323455810547,-122.88195037841797,-119.23551940917969
4,-36.98953628540039,-37.124176025390625,-36.86504364013672,-31.059288024902344,-30.187572479248047
0,-70.74178314208984,-76.0331802368164,-86.89279174804688,-84.1252670288086,-78.9168930053711
3,-100.58946990966797,-96.49202728271484,-95.4421615600586,-83.48898315429688,-94.3736572265625
1,-43.77121353149414,-35.10643005371094,-40.4481201171875,-38.4429931640625,-45.02912902832031
3,-80.71944427490234,-76.8528823852539,-77.69795227050781,-63.21699905395508,-92.93827056884766
0,-50.49385452270508,-56.463356018066406,-60.728759765625,-57.859153747558594,-54.106048583984375
4,-69.60623168945312,-66.30364990234375,-63.55873107910156,-72.05521392822266,-53.41886901855469
0,-55.68034744262695,-73.59175109863281,-74.83332824707031,-73.7723388671875,-67.63406372070312
4,-86.27542877197266,-84.5078125,-87.03163146972656,-85.90892028808594,-64.20561218261719
1,-81.60442352294922,-65.74036407470703,-71.83390045166016,-74.8880386352539,-73.83902740478516
2,-64.70022583007812,-75.11280822753906,-58.91679382324219,-68.67169952392578,-72.3725814819336
4,-65.9341812133789,-63.9759635925293,-67.98697662353516,-60.18572235107422,-58.12911605834961
3,-88.29548645019531,-88.46891021728516,-83.29226684570312,-64.8102035522461,-78.07838439941406
1,-55.49745559692383,-48.89619827270508,-52.916622161865234,-66.85252380371094,-62.451576232910156
1,-65.18733215332031,-59.010040283203125,-61.665069580078125,-66.25370025634766,-66.25375366210938
3,-62.35386657714844,-56.098548889160156,-57.70310592651367,-52.30534744262695,-62.275177001953125
1,-74.24516296386719,-55.65138626098633,-74.5041275024414,-69.47071838378906,-71.97805786132812
4,-66.30866241455078,-70.70785522460938,-47.145164489746094,-53.79933547973633,-43.35787582397461
1,-74.8786849975586,-56.247825622558594,-84.70729064941406,-85.77982330322266,-82.46316528320312
3,-130.5958251953125,-129.0670166015625,-121.26860046386719,-109.4969711303711,-117.01217651367188
0,-54.41465759277344,-60.77176284790039,-56.89653396606445,-63.889610290527344,-57.19569396972656
1,-85.39567565917969,-77.27912139892578,-90.22762298583984,-82.52425384521484,-82.34830474853516
1,-83.91258239746094,-64.36688995361328,-82.97588348388672,-78.10315704345703,-82.75833129882812
0,-65.27518463134766,-90.87710571289062,-80.95825958251953,-78.18522644042969,-88.88048553466797
4,-75.49911499023438,-75.9423599243164,-72.7455825805664,-72.68180084228516,-72.64871215820312
4,-84.92597961425781,-75.22615814208984,-78.79053497314453,-79.99272155761719,-61.11198806762695
2,-71.07067108154297,-69.50554656982422,-61.53742980957031,-65.28547668457031,-62.327659606933594
0,-93.16654205322266,-108.00646209716797,-118.19660186767578,-97.74751281738281,-109.77255249023438
4,-77.78959655761719,-89.3952407836914,-85.70742797851562,-82.75283813476562,-73.10639190673828
2,-47.895729064941406,-46.407936096191406,-36.99260711669922,-55.531097412109375,-51.227909088134766
1,-82.4870376586914,-65.886474609375,-85.72543334960938,-76.58473205566406,-73.81417846679688
3,-82.52265167236328,-80.87403106689453,-99.22367858886719,-70.66987609863281,-89.32689666748047
4,-91.90046691894531,-94.99063110351562,-90.20032501220703,-95.681640625,-84.10028839111328
0,-69.56192779541016,-87.05279541015625,-84.95601654052734,-84.76548767089844,-72.34285736083984
2,-67.77311706542969,-67.74546813964844,-59.280174255371094,-66.52882385253906,-69.2330551147461
3,-72.2820053100586,-75.10894775390625,-75.57977294921875,-60.64879608154297,-76.21701049804688
2,-58.413726806640625,-72.29827117919922,-54.52092742919922,-79.39049530029297,-67.7330322265625
0,-84.65923309326172,-89.086669921875,-88.33812713623047,-96.5271987915039,-89.24406433105469
3,-76.5754623413086,-83.86511993408203,-80.97314453125,-67.69641876220703,-75.33065795898438
2,-103.38391876220703,-100.90129852294922,-72.28573608398438,-89.23588562011719,-95.92268371582031
3,-45.27574920654297,-38.45930480957031,-46.68317413330078,-28.865768432617188,-36.70812225341797
4,-42.946250915527344,-46.40510177612305,-43.894229888916016,-47.070865631103516,-39.42411422729492
1,-58.1114387512207,-44.66872024536133,-59.83391189575195,-60.6764030456543,-60.46772003173828
0,-49.43439865112305,-65.81039428710938,-57.88547897338867,-50.344139099121094,-54.88196563720703
4,-68.13683319091797,-75.06967163085938,-67.9738998413086,-60.24446105957031,-50.45000457763672
0,-69.29169464111328,-72.06108093261719,-74.72914123535156,-74.36754608154297,-75.80747985839844
1,-69.87728118896484,-61.38386917114258,-66.76647186279297,-61.7652473449707,-64.10008239746094
0,-46.83720397949219,-55.53205871582031,-49.891204833984375,-58.572994232177734,-58.17105484008789
4,-87.4698486328125,-70.49412536621094,-75.22865295410156,-79.8537826538086,-65.34156036376953
2,-45.56233215332031,-45.48729705810547,-39.26154327392578,-46.49713134765625,-42.773597717285156
3,-71.62173461914062,-69.72724151611328,-76.73394012451172,-65.31608581542969,-73.94744873046875
1,-81.15274047851562,-64.57072448730469,-78.99292755126953,-74.41150665283203,-66.54629516601562
1,-79.61109161376953,-66.32434844970703,-80.52792358398438,-76.10086822509766,-68.90662384033203
3,-51.62064743041992,-55.621219635009766,-55.621219635009766,-40.17694854736328,-54.6242561340332
1,-52.93836212158203,-50.198848724365234,-67.37499237060547,-52.42020034790039,-53.581520080566406
0,-55.34281539916992,-72.37220001220703,-64.97540283203125,-63.97816467285156,-65.91956329345703
3,-71.80744934082031,-78.66350555419922,-74.97342681884766,-65.45236206054688,-75.26846313476562
1,-75.3546142578125,-68.0904769897461,-69.0440902709961,-71.62999725341797,-77.15926361083984
0,-53.25703811645508,-53.420475006103516,-61.90440368652344,-61.25089645385742,-55.6351318359375
2,-69.69078826904297,-73.29319763183594,-63.39911651611328,-74.61225891113281,-80.15258026123047
2,-64.07669830322266,-64.89419555664062,-48.78296661376953,-55.36233901977539,-59.62807846069336
4,-84.77339172363281,-73.65332794189453,-92.25640869140625,-84.27609252929688,-68.40596771240234
3,-40.963233947753906,-42.11577224731445,-44.43950271606445,-40.88112258911133,-43.65631103515625
2,-44.360740661621094,-44.17430114746094,-37.60945129394531,-38.07736587524414,-39.88288879394531
3,-62.457340240478516,-64.12205505371094,-63.996803283691406,-60.18645095825195,-60.495079040527344
4,-75.62922668457031,-89.04776763916016,-85.83038330078125,-81.45661926269531,-70.9274673461914
1,-60.057945251464844,-49.07470703125,-63.84939956665039,-49.526031494140625,-62.36717987060547
1,-77.85791778564453,-76.1474380493164,-85.3227767944336,-80.69715118408203,-83.00162506103516
2,-62.25619125366211,-68.90558624267578,-53.493080139160156,-63.56259536743164,-66.25545501708984
2,-116.17520141601562,-115.78993225097656,-109.65397644042969,-110.1327896118164,-122.81356048583984
3,-81.59307098388672,-84.1335220336914,-81.82524871826172,-77.92345428466797,-79.03316497802734
4,-50.068763732910156,-44.237483978271484,-34.444393157958984,-56.65117645263672,-32.770809173583984
4,-80.15435791015625,-89.84790802001953,-82.28434753417969,-85.10060119628906,-59.52818298339844
3,-112.1551284790039,-115.15633392333984,-103.89977264404297,-101.95431518554688,-114.218994140625
1,-43.156982421875,-41.09505081176758,-47.2718620300293,-59.15924835205078,-51.745357513427734
3,-85.21312713623047,-85.84156799316406,-94.57380676269531,-80.92012023925781,-92.58330535888672
3,-76.4835433959961,-74.68865203857422,-69.02941131591797,-69.01602172851562,-83.56477355957031
2,-44.60987854003906,-55.369720458984375,-44.261871337890625,-45.5113639831543,-45.40070724487305
4,-69.20277404785156,-82.04051971435547,-76.64703369140625,-63.374576568603516,-58.721580505371094
3,-90.15766906738281,-66.69660186767578,-70.07621002197266,-60.44740676879883,-81.76950073242188
0,-41.074337005615234,-53.46278381347656,-46.11056900024414,-61.40755081176758,-56.81195068359375
1,-56.40782928466797,-42.303768157958984,-63.89759826660156,-60.629493713378906,-56.90545654296875
4,-76.8086166381836,-72.08584594726562,-75.49772644042969,-76.2620620727539,-67.7940444946289
3,-54.339332580566406,-55.76698303222656,-42.04330825805664,-39.03569030761719,-48.35714340209961
1,-55.98314666748047,-55.359825134277344,-62.28398895263672,-60.246028900146484,-60.87690353393555
0,-44.916996002197266,-61.05120849609375,-48.899539947509766,-50.13872528076172,-56.975303649902344
1,-48.2442512512207,-36.86211395263672,-49.31066131591797,-44.76167297363281,-46.045494079589844
1,-84.3904037475586,-64.90716552734375,-77.21746063232422,-79.74791717529297,-79.27123260498047
4,-87.60606384277344,-95.0716781616211,-84.87358093261719,-97.03447723388672,-78.397216796875
0,-55.89836883544922,-60.02787780761719,-66.28973388671875,-60.75477600097656,-60.93973922729492
0,-72.21495819091797,-90.05581665039062,-90.84181213378906,-79.54427337646484,-82.41996002197266
3,-67.40205383300781,-67.98626708984375,-70.41912078857422,-53.21061325073242,-66.36136627197266
4,-53.89427185058594,-53.749637603759766,-55.93392562866211,-46.38248825073242,-39.55830001831055
4,-80.2132339477539,-74.5771713256836,-76.77520751953125,-80.04685974121094,-68.54202270507812
4,-82.3466796875,-90.36248016357422,-88.59387969970703,-90.59600830078125,-74.54058074951172
4,-90.55306243896484,-98.83499145507812,-85.43232727050781,-98.83424377441406,-78.31877899169922
1,-50.24650192260742,-37.123443603515625,-46.117591857910156,-48.18885803222656,-46.8062858581543
0,-64.07244873046875,-71.50772857666016,-71.5090103149414,-67.96946716308594,-74.67037200927734
3,-80.67117309570312,-75.83241271972656,-66.79431915283203,-59.43206024169922,-86.86519622802734
3,-94.5888442993164,-80.8753433227539,-85.38862609863281,-80.18335723876953,-92.99164581298828
4,-91.60100555419922,-89.40377044677734,-96.8539810180664,-89.41615295410156,-75.39313507080078
1,-82.6502914428711,-70.31639099121094,-78.08795928955078,-70.95610046386719,-79.64596557617188
3,-68.20977020263672,-71.94233703613281,-65.3822021484375,-59.434288024902344,-66.77056121826172
4,-74.7616195678711,-79.7718505859375,-69.62154388427734,-69.56639099121094,-62.35059356689453
4,-62.87868118286133,-67.62069702148438,-63.06531524658203,-67.77079772949219,-58.52877426147461
0,-46.88752365112305,-65.38674926757812,-70.97834777832031,-61.95615005493164,-65.33120727539062
2,-62.48790740966797,-64.40823364257812,-58.78438186645508,-65.71463012695312,-67.83570861816406
2,-54.67607116699219,-59.86599349975586,-40.33761215209961,-53.49787139892578,-52.72176742553711
3,-44.61874008178711,-51.17107009887695,-57.37078094482422,-43.653263092041016,-53.81789779663086
0,-50.05373001098633,-60.491329193115234,-68.24303436279297,-68.5284194946289,-71.11285400390625
4,-51.236507415771484,-50.44684982299805,-58.61595153808594,-42.96329879760742,-34.50448989868164
0,-33.28065490722656,-45.718482971191406,-42.62997055053711,-44.175758361816406,-47.61379623413086
2,-65.6386489868164,-70.06536865234375,-43.08112335205078,-72.93616485595703,-59.76580810546875
2,-38.5680046081543,-45.17168426513672,-30.896427154541016,-31.633821487426758,-37.374969482421875
0,-102.19422149658203,-119.62409973144531,-114.93067932128906,-115.43860626220703,-112.09954833984375
2,-55.75588607788086,-53.421634674072266,-41.24101638793945,-59.99331283569336,-50.622337341308594
0,-62.26327896118164,-77.36578369140625,-82.55199432373047,-78.65685272216797,-79.04015350341797
1,-86.13651275634766,-63.31473922729492,-91.35617065429688,-83.74870300292969,-93.58450317382812
1,-79.05646514892578,-77.95109558105469,-90.4645004272461,-93.58126068115234,-79.5887451171875
0,-63.70149230957031,-67.37850189208984,-77.80235290527344,-73.13844299316406,-76.9132308959961
0,-46.82245635986328,-52.067283630371094,-49.73544692993164,-52.345035552978516,-52.767791748046875
2,-69.60700988769531,-82.21179962158203,-67.25670623779297,-68.36796569824219,-67.50353240966797
2,-84.07762908935547,-67.19425201416016,-55.81544876098633,-79.46278381347656,-77.35600280761719
2,-118.58573913574219,-108.68574523925781,-99.42518615722656,-111.66728210449219,-105.90654754638672
3,-67.94637298583984,-65.95555114746094,-64.9737548828125,-57.282691955566406,-64.73492431640625
0,-65.19520568847656,-86.9188461303711,-91.8075180053711,-76.1567611694336,-71.525634765625
0,-62.43999099731445,-79.78888702392578,-78.58438873291016,-81.57626342773438,-87.6357192993164
0,-59.82559585571289,-80.66271209716797,-72.3456039428711,-73.89448547363281,-66.64279174804688
3,-81.48021697998047,-90.58348846435547,-79.35664367675781,-67.52388000488281,-87.8956527709961
2,-60.68492126464844,-57.98908615112305,-57.20331573486328,-61.31870651245117,-62.61825942993164
2,-59.621891021728516,-67.38004302978516,-59.114776611328125,-71.1612777709961,-70.12323760986328
4,-75.4560546875,-79.08553314208984,-75.17972564697266,-83.76158905029297,-72.48503875732422
1,-49.131229400634766,-34.38834762573242,-43.692142486572266,-49.050193786621094,-44.0838737487793
1,-85.09139251708984,-65.45279693603516,-66.85748291015625,-68.31884765625,-77.69050598144531
0,-68.27198028564453,-75.32415771484375,-69.10779571533203,-82.6849365234375,-74.65220642089844
2,-45.54438781738281,-52.9940299987793,-45.213985443115234,-51.92554473876953,-52.11983871459961
0,-67.91387939453125,-78.75694274902344,-76.78252410888672,-71.85953521728516,-84.3563232421875
0,-62.15688705444336,-78.40325164794922,-80.43351745605469,-77.14653015136719,-71.8628921508789
1,-97.61669921875,-87.66517639160156,-104.12091827392578,-110.95455932617188,-111.17613983154297
4,-88.31027221679688,-77.78361511230469,-83.47565460205078,-77.2735366821289,-72.6173324584961
3,-94.77770233154297,-79.7801742553711,-93.58207702636719,-64.91360473632812,-86.84056854248047
4,-73.42243957519531,-76.04890441894531,-64.66075897216797,-67.77032470703125,-61.16398620605469
4,-71.13301086425781,-70.87014770507812,-72.47056579589844,-73.46174621582031,-62.287208557128906
1,-51.830078125,-44.49943542480469,-54.71977996826172,-48.77854919433594,-54.68413162231445
3,-66.10041046142578,-78.85456848144531,-75.95323181152344,-57.67852020263672,-71.87679290771484
4,-74.49939727783203,-78.62091064453125,-67.90029907226562,-70.91383361816406,-59.791473388671875
0,-81.81449890136719,-90.62492370605469,-96.36579895019531,-84.98348236083984,-91.33877563476562
4,-127.72053527832031,-124.6120376586914,-137.22149658203125,-134.76318359375,-116.63829040527344
3,-88.89794921875,-104.0370864868164,-86.03111267089844,-72.3005142211914,-90.55049133300781
0,-79.19881439208984,-87.37983703613281,-97.87394714355469,-101.19233703613281,-97.74154663085938
0,-74.77200317382812,-80.37319946289062,-79.29769134521484,-93.96095275878906,-83.65763854980469
3,-59.71501541137695,-62.49320602416992,-53.826141357421875,-50.79994201660156,-63.26685333251953
0,-41.25987243652344,-53.90055847167969,-54.85911178588867,-45.75277328491211,-51.72479248046875
2,-89.45433044433594,-85.15486145019531,-67.21916198730469,-81.38546752929688,-75.724853515625
3,-135.3600311279297,-128.30198669433594,-136.13507080078125,-111.55665588378906,-136.60032653808594
0,-50.872100830078125,-52.5742073059082,-58.71723556518555,-58.828914642333984,-57.384639739990234
1,-99.01166534423828,-86.19012451171875,-94.69283294677734,-98.98499298095703,-93.96382904052734
2,-84.4237289428711,-88.74093627929688,-67.29334259033203,-79.16569519042969,-82.04232788085938
3,-90.71463775634766,-89.48846435546875,-89.94441223144531,-75.95691680908203,-91.71141815185547
2,-72.7219009399414,-78.77338409423828,-64.5474853515625,-67.69243621826172,-69.88557434082031
1,-95.30750274658203,-74.90927124023438,-91.0528564453125,-89.69918823242188,-92.40011596679688
4,-100.50977325439453,-107.6764144897461,-108.5682144165039,-100.63139343261719,-84.18453216552734
2,-53.01488494873047,-46.13890075683594,-42.72358322143555,-53.17267990112305,-55.417781829833984
1,-50.75837326049805,-40.49625778198242,-56.662200927734375,-66.7706527709961,-55.97787857055664
3,-62.906620025634766,-55.19369125366211,-53.71376037597656,-46.59185791015625,-55.01605224609375
1,-56.8609733581543,-54.177886962890625,-57.96773147583008,-56.24498748779297,-58.2647705078125
1,-77.85331726074219,-58.74536895751953,-71.992431640625,-71.8743896484375,-76.42330169677734
3,-64.60131072998047,-54.42261505126953,-56.52652359008789,-44.23979568481445,-56.57065200805664
3,-77.43917083740234,-80.91194152832031,-69.79703521728516,-62.77924346923828,-68.0800552368164
4,-34.27495574951172,-27.434803009033203,-34.471099853515625,-32.040897369384766,-25.65038299560547
0,-52.883602142333984,-59.95869445800781,-57.400672912597656,-64.9941635131836,-64.9889144897461
0,-34.899383544921875,-46.96991729736328,-49.78430938720703,-58.21369552612305,-53.127601623535156
4,-45.17031478881836,-42.46800994873047,-47.295467376708984,-52.38344955444336,-34.33863830566406
2,-58.89939880371094,-55.32347106933594,-54.65656661987305,-61.52895736694336,-58.215431213378906
2,-64.10362243652344,-69.6905288696289,-62.21206283569336,-69.96012878417969,-70.14093017578125
4,-79.24494934082031,-68.28568267822266,-69.9854507446289,-73.01748657226562,-63.326393127441406
1,-93.59065246582031,-75.88407897949219,-89.47621154785156,-83.85138702392578,-100.5829849243164
1,-98.2110824584961,-75.91069793701172,-87.10131072998047,-92.16341400146484,-92.88424682617188
2,-81.36811065673828,-87.60482788085938,-76.069091796875,-86.88079833984375,-85.98709106445312
3,-60.2490348815918,-53.53709030151367,-67.75423431396484,-48.50733947753906,-48.71985626220703
4,-35.67141342163086,-37.0880126953125,-33.97426986694336,-35.95637893676758,-29.17178726196289
4,-42.069313049316406,-51.38325881958008,-48.77971267700195,-53.004695892333984,-33.79948806762695
0,-39.45098876953125,-45.009830474853516,-53.11172103881836,-47.82489776611328,-51.69484329223633
1,-111.80288696289062,-83.65069580078125,-96.30103302001953,-97.79816436767578,-106.69007110595703
3,-101.37487030029297,-97.4896240234375,-105.84398651123047,-86.08244323730469,-108.07559204101562
2,-70.25006866455078,-65.29296112060547,-55.849342346191406,-60.92436981201172,-57.04100036621094
1,-108.33853912353516,-98.18584442138672,-107.189208984375,-101.85919952392578,-109.6666030883789
2,-52.73352813720703,-46.75807189941406,-38.900508880615234,-58.223228454589844,-54.290191650390625
4,-81.09833526611328,-83.32495880126953,-73.38613891601562,-80.73368072509766,-65.36918640136719
4,-106.12419891357422,-101.6354751586914,-105.02787780761719,-104.64230346679688,-81.24461364746094
4,-67.13447570800781,-69.63340759277344,-68.59317016601562,-69.41169738769531,-57.58917999267578
2,-76.44640350341797,-68.7121353149414,-49.95554733276367,-71.82223510742188,-67.61796569824219
0,-52.87009048461914,-63.582855224609375,-66.95977020263672,-61.23613357543945,-61.25235366821289
4,-75.2175521850586,-69.57937622070312,-68.42855072021484,-68.95892333984375,-56.548011779785156
0,-60.55539321899414,-77.88814544677734,-71.24974060058594,-73.08515167236328,-81.0981216430664
1,-51.773040771484375,-42.088600158691406,-49.48553466796875,-48.567630767822266,-55.01320266723633
1,-76.8572769165039,-61.174564361572266,-85.66221618652344,-82.39608764648438,-85.67640686035156
3,-61.82419204711914,-66.46463775634766,-76.42870330810547,-61.37112808227539,-68.38143157958984
1,-89.27899932861328,-73.94324493408203,-80.16262817382812,-82.73387908935547,-77.18125915527344
0,-80.18984985351562,-91.01656341552734,-92.15958404541016,-90.08985900878906,-95.01914978027344
0,-41.96162796020508,-46.303890228271484,-43.893043518066406,-56.100074768066406,-53.67607879638672
1,-87.0051498413086,-69.98331451416016,-83.50231170654297,-88.7141342163086,-77.7975082397461
2,-89.01789093017578,-90.65298461914062,-77.63030242919922,-91.6505355834961,-87.55805206298828
1,-60.334495544433594,-48.973262786865234,-61.15729904174805,-61.144676208496094,-60.56101608276367
4,-73.38732147216797,-71.67575073242188,-72.19094848632812,-71.36174774169922,-71.30233001708984
2,-64.46153259277344,-60.78329086303711,-58.835079193115234,-64.22392272949219,-68.2296371459961
0,-60.557350158691406,-70.3064956665039,-80.64897918701172,-80.912353515625,-80.05471801757812
2,-63.98546600341797,-55.323402404785156,-48.44692611694336,-66.49190521240234,-60.81089401245117
4,-68.4815673828125,-69.93622589111328,-67.58100891113281,-77.7957992553711,-61.72657775878906
0,-59.782840728759766,-83.78974914550781,-73.05387878417969,-72.89860534667969,-76.53985595703125
1,-49.642295837402344,-39.36447525024414,-42.71305465698242,-45.188350677490234,-50.50529479980469
4,-65.8238754272461,-63.17191696166992,-69.96941375732422,-69.94165802001953,-60.78522872924805
0,-72.6575927734375,-87.25769805908203,-92.2606201171875,-90.01205444335938,-89.23875427246094
2,-59.38922882080078,-59.42045974731445,-53.794281005859375,-71.00173950195312,-64.08488464355469
2,-50.48808670043945,-49.30080032348633,-47.15932083129883,-57.387855529785156,-59.63054275512695
4,-71.9258041381836,-55.89071273803711,-63.39496612548828,-70.58169555664062,-50.12510681152344
3,-54.851253509521484,-58.930397033691406,-57.899742126464844,-48.17283630371094,-51.402198791503906
2,-69.69641876220703,-63.20304489135742,-44.948795318603516,-62.10765075683594,-66.11821746826172
2,-64.77338409423828,-66.42539978027344,-47.90376663208008,-61.65328598022461,-62.804012298583984
2,-78.00377655029297,-74.23870086669922,-68.82377624511719,-76.6251220703125,-83.64177703857422
2,-72.62787628173828,-82.37150573730469,-67.94153594970703,-74.41920471191406,-77.28878021240234
0,-66.32085418701172,-77.3526611328125,-81.4509048461914,-88.56649017333984,-77.51361846923828
0,-81.23018646240234,-90.3572769165039,-83.30320739746094,-83.02068328857422,-86.91995239257812
2,-83.26441955566406,-75.08009338378906,-59.73395919799805,-85.91352844238281,-77.39242553710938
0,-71.56283569335938,-74.0369873046875,-76.6927719116211,-80.49787902832031,-71.58609008789062
4,-78.3200912475586,-85.00373840332031,-77.12896728515625,-85.53075408935547,-65.59435272216797
0,-66.53942108154297,-72.96797180175781,-69.65252685546875,-78.21243286132812,-79.18911743164062
3,-64.04765319824219,-65.54829406738281,-70.5993423461914,-59.08421325683594,-63.73586654663086
1,-83.30436706542969,-64.91338348388672,-90.30618286132812,-79.27136993408203,-83.93128967285156
3,-58.3780632019043,-62.78772735595703,-66.77717590332031,-57.02032470703125,-62.36713409423828
4,-59.91187286376953,-62.70729446411133,-54.578163146972656,-61.32352066040039,-52.60072708129883
2,-66.72888946533203,-75.73881530761719,-57.21354293823242,-73.38105010986328,-71.21784210205078
0,-57.18345642089844,-79.28687286376953,-74.26736450195312,-75.31521606445312,-82.36945343017578
0,-55.81405258178711,-69.22515106201172,-79.55718994140625,-74.62631225585938,-73.6480712890625
2,-40.93822479248047,-40.95554733276367,-38.14891052246094,-43.32708740234375,-47.62385559082031
0,-37.94273376464844,-56.183807373046875,-53.06462097167969,-55.401092529296875,-48.08112335205078
2,-54.16441345214844,-56.75956726074219,-50.161834716796875,-55.16048812866211,-55.7122917175293
3,-41.19822692871094,-41.24393844604492,-43.281856536865234,-40.715274810791016,-45.50630569458008
2,-85.2606430053711,-72.83911895751953,-61.95158386230469,-69.9216079711914,-79.77548217773438
3,-71.95134735107422,-72.82432556152344,-68.09420776367188,-66.4376220703125,-82.62419128417969
0,-61.015438079833984,-71.16197967529297,-79.13197326660156,-77.03990173339844,-73.70697784423828
1,-92.42477416992188,-57.11751937866211,-83.86845397949219,-86.50125885009766,-90.77941131591797
0,-61.83250045776367,-81.75061798095703,-77.3830337524414,-85.8338851928711,-78.22618865966797
0,-38.0661506652832,-59.02814483642578,-59.35725784301758,-59.85757064819336,-61.233489990234375
3,-64.5462875366211,-69.51725769042969,-62.66184997558594,-57.37440490722656,-64.70056915283203
4,-52.45405197143555,-55.92942428588867,-53.3736686706543,-53.089454650878906,-48.26858139038086
3,-82.26675415039062,-84.82015228271484,-82.62515258789062,-59.22710037231445,-82.01346588134766
4,-32.72800827026367,-36.78504180908203,-31.863845825195312,-35.361690521240234,-24.26445770263672
4,-64.67466735839844,-61.119483947753906,-63.484901428222656,-60.904029846191406,-46.43163299560547
2,-103.20472717285156,-109.59028625488281,-87.21582794189453,-109.26283264160156,-110.16230773925781
1,-80.60757446289062,-66.13162994384766,-73.11702728271484,-67.37565612792969,-77.41763305664062
4,-57.514156341552734,-48.72168731689453,-59.466331481933594,-52.88944625854492,-43.39206314086914
3,-78.35189819335938,-86.35906219482422,-76.4887466430664,-76.25006866455078,-82.26524353027344
3,-93.37554168701172,-95.59208679199219,-99.1682357788086,-88.25353240966797,-104.10453033447266
0,-51.19826126098633,-63.501258850097656,-65.0364761352539,-61.05253982543945,-53.7772331237793
2,-42.27787780761719,-49.18214416503906,-36.141090393066406,-50.05131912231445,-48.8004150390625
2,-40.06136703491211,-42.135746002197266,-39.20264434814453,-45.05567169189453,-40.76224136352539
1,-47.129547119140625,-30.227964401245117,-36.19902420043945,-35.83076095581055,-38.59055709838867
2,-92.03569030761719,-105.45146942138672,-83.74083709716797,-100.65176391601562,-93.4442367553711
0,-67.54885864257812,-86.9192123413086,-75.29315948486328,-77.7779312133789,-81.98332977294922
2,-38.41931915283203,-33.93421936035156,-30.191020965576172,-40.78260803222656,-38.69330978393555
3,-80.71600341796875,-82.15498352050781,-78.63009643554688,-64.42779541015625,-72.60298156738281
0,-51.21286392211914,-52.55264663696289,-52.9047966003418,-56.27214050292969,-59.30028533935547
4,-75.72663116455078,-66.35127258300781,-71.42559051513672,-70.99262237548828,-61.294254302978516
4,-62.38704299926758,-62.25455093383789,-52.67997741699219,-66.45850372314453,-44.990604400634766
4,-77.47900390625,-82.70988464355469,-85.38044738769531,-70.435791015625,-69.90995025634766
1,-67.49174499511719,-65.39580535888672,-66.1964340209961,-66.4361801147461,-67.22607421875
0,-57.597862243652344,-63.928504943847656,-63.34408950805664,-72.95542907714844,-69.31787109375
1,-72.53253936767578,-65.38699340820312,-74.34391784667969,-66.33342742919922,-69.78326416015625
2,-76.19780731201172,-77.56227111816406,-60.1899299621582,-78.94219207763672,-81.0071792602539
4,-54.693180084228516,-54.24243927001953,-50.81161117553711,-54.05555725097656,-41.97529220581055
4,-73.60401916503906,-77.94244384765625,-86.8084945678711,-79.67454528808594,-68.42070770263672
2,-112.89904022216797,-103.65079498291016,-90.66128540039062,-111.88275909423828,-108.55223083496094
1,-76.03201293945312,-70.41707611083984,-73.92791748046875,-76.3992919921875,-80.70183563232422
3,-62.873008728027344,-72.56643676757812,-68.60700988769531,-61.985748291015625,-77.1593246459961
3,-89.60714721679688,-84.212646484375,-85.60216522216797,-77.99775695800781,-91.72657775878906
2,-90.05960083007812,-93.84075927734375,-70.94383239746094,-85.52462005615234,-85.24723052978516
2,-51.211917877197266,-56.0490837097168,-33.75400161743164,-52.48554992675781,-47.56758117675781
4,-77.40464782714844,-75.6554183959961,-75.00505065917969,-63.69804382324219,-58.61573791503906
0,-52.110572814941406,-60.599117279052734,-55.95332717895508,-58.26518249511719,-65.05755615234375
1,-75.92091369628906,-67.90604400634766,-75.26839447021484,-68.2259750366211,-75.0000991821289
4,-47.39457702636719,-53.36231994628906,-52.2271728515625,-46.928184509277344,-37.46481704711914
2,-94.57836151123047,-100.16026306152344,-89.39434051513672,-100.43373107910156,-97.63715362548828
0,-55.005455017089844,-58.81386947631836,-59.22807693481445,-65.8320083618164,-66.98265838623047
4,-57.171142578125,-58.02135467529297,-69.13407135009766,-59.97572708129883,-52.70124816894531
0,-97.12158966064453,-108.96832275390625,-101.48347473144531,-111.41240692138672,-105.11776733398438
3,-79.9246826171875,-85.76214599609375,-84.00601196289062,-65.42574310302734,-80.3228988647461
3,-53.77592468261719,-59.13994216918945,-54.09172821044922,-51.12346267700195,-55.75664520263672
3,-63.67955780029297,-61.03241729736328,-52.59657669067383,-48.38294982910156,-54.037227630615234
3,-56.86032485961914,-66.81282806396484,-60.334556579589844,-54.425907135009766,-59.65320587158203
3,-107.21958923339844,-103.04988098144531,-110.41426086425781,-90.47301483154297,-115.99488830566406
0,-54.34160614013672,-74.40731048583984,-78.9101791381836,-67.52229309082031,-81.12992095947266
0,-15.837583541870117,-28.894750595092773,-20.54159164428711,-21.566606521606445,-28.441036224365234
1,-63.09635925292969,-56.77773666381836,-70.03965759277344,-69.61833190917969,-66.39275360107422
0,-69.06687927246094,-81.01802062988281,-74.3574447631836,-78.5933609008789,-69.7176284790039
1,-62.56092834472656,-52.1242561340332,-58.41395568847656,-55.87812805175781,-55.36722946166992
0,-63.43193435668945,-73.4632339477539,-79.60838317871094,-68.75259399414062,-78.5355224609375
3,-54.51535415649414,-58.84013366699219,-51.90201950073242,-51.12986373901367,-54.602603912353516
2,-82.94551849365234,-82.71409606933594,-75.70169830322266,-80.20154571533203,-77.36829376220703
2,-62.25714111328125,-61.13347244262695,-55.82648849487305,-65.77314758300781,-69.3492660522461
0,-53.03594970703125,-59.252403259277344,-55.4185905456543,-60.21080017089844,-57.370418548583984
2,-68.81953430175781,-61.4157600402832,-53.193458557128906,-72.5087661743164,-71.5647964477539
1,-98.32585906982422,-86.23470306396484,-97.30919647216797,-95.60716247558594,-97.27223205566406
3,-62.90312576293945,-56.234466552734375,-53.9804801940918,-46.5917854309082,-48.67987823486328
2,-83.94039154052734,-76.74176788330078,-60.410362243652344,-75.3721923828125,-75.989990234375
0,-32.770267486572266,-48.00333023071289,-49.63148498535156,-42.93189239501953,-44.4251708984375
2,-81.27066802978516,-89.04952239990234,-78.4002685546875,-91.91519927978516,-80.519287109375
1,-73.55282592773438,-61.183712005615234,-81.25186157226562,-79.2894287109375,-75.55484008789062
0,-69.32269287109375,-78.70569610595703,-82.9760971069336,-90.54493713378906,-88.57091522216797
0,-77.46380615234375,-79.69390869140625,-81.9122543334961,-84.69002532958984,-84.80156707763672
3,-74.88226318359375,-77.31854248046875,-74.93631744384766,-66.25306701660156,-80.91200256347656
2,-46.83659744262695,-51.2172737121582,-42.588993072509766,-55.501644134521484,-47.23436737060547
3,-72.7142333984375,-73.48275756835938,-70.43335723876953,-65.20104217529297,-72.66434478759766
3,-74.94388580322266,-66.2296142578125,-73.8703384399414,-64.30408477783203,-69.8693618774414
0,-64.47969055175781,-72.56764221191406,-75.98889923095703,-64.8426742553711,-71.17054748535156
1,-28.46198844909668,-23.322486877441406,-36.57525634765625,-27.357257843017578,-25.57856559753418
4,-44.0711555480957,-43.78388595581055,-44.6549186706543,-46.40442657470703,-37.53532409667969
3,-41.24334716796875,-42.30139923095703,-42.749305725097656,-33.957054138183594,-42.83047866821289
4,-98.80542755126953,-113.88099670410156,-113.86084747314453,-114.0531234741211,-95.99517059326172
3,-100.29683685302734,-110.1593246459961,-105.78031158447266,-94.04963684082031,-111.21823120117188
4,-52.096031188964844,-54.01291275024414,-55.92919158935547,-50.59542465209961,-48.347869873046875
3,-62.729671478271484,-55.85669708251953,-56.24667739868164,-53.027000427246094,-63.0007438659668
2,-81.30392456054688,-77.9995346069336,-75.49967193603516,-80.1247329711914,-84.50265502929688
4,-62.09953308105469,-57.85408020019531,-68.46868896484375,-69.67269134521484,-49.974674224853516
1,-38.56771469116211,-29.153587341308594,-33.929115295410156,-36.40889358520508,-39.972869873046875
0,-73.06672668457031,-78.86897277832031,-84.0029067993164,-76.48577117919922,-84.30001831054688
3,-84.27899932861328,-78.89356231689453,-89.60527801513672,-77.03253173828125,-85.67807006835938
2,-76.56441497802734,-69.81602478027344,-55.81184768676758,-79.0697250366211,-80.69786834716797
0,-67.79132843017578,-70.6061019897461,-71.99664306640625,-69.32300567626953,-70.999755859375
2,-63.373844146728516,-70.27011108398438,-62.2967414855957,-66.40015411376953,-69.36076354980469
4,-59.65907287597656,-76.93939208984375,-69.04630279541016,-66.32050323486328,-52.033050537109375
3,-62.67160415649414,-69.51319122314453,-62.91030502319336,-61.09443283081055,-67.56925964355469
3,-41.54654312133789,-50.964141845703125,-44.38072204589844,-41.05534362792969,-49.136959075927734
3,-98.88390350341797,-94.26895904541016,-94.6646957397461,-86.19721221923828,-101.74147033691406
2,-59.510040283203125,-56.26535415649414,-40.99689483642578,-61.37007141113281,-55.26694107055664
3,-37.139652252197266,-42.380985260009766,-41.244991302490234,-36.37132263183594,-38.6218147277832
4,-45.81340789794922,-45.653846740722656,-49.279632568359375,-46.780731201171875,-36.06077575683594
0,-17.533512115478516,-20.998676300048828,-20.616491317749023,-21.12592887878418,-18.09856605529785
3,-78.32643127441406,-72.22920989990234,-81.47606658935547,-70.52825164794922,-79.54401397705078
1,-54.59290313720703,-54.0163459777832,-56.17325973510742,-59.613555908203125,-60.988731384277344
1,-116.41748046875,-108.9647216796875,-112.50157928466797,-119.78289031982422,-117.39080810546875
3,-84.84541320800781,-71.80970001220703,-79.60855102539062,-62.61982345581055,-81.80000305175781
4,-67.64315795898438,-67.36614227294922,-70.05226135253906,-69.19625854492188,-59.44087600708008
0,-90.62810516357422,-91.61116027832031,-92.87518310546875,-91.54864501953125,-93.17562103271484
4,-85.43314361572266,-82.2910385131836,-86.92921447753906,-84.65666961669922,-57.94327163696289
4,-42.591033935546875,-37.319217681884766,-43.71355438232422,-47.8786506652832,-34.69847869873047
3,-103.959228515625,-104.84127044677734,-105.231201171875,-92.59680938720703,-106.50993347167969
0,-58.738162994384766,-80.83397674560547,-66.74484252929688,-67.46768951416016,-74.8365249633789
0,-75.83921813964844,-85.04029083251953,-83.73114776611328,-84.9354248046875,-85.53177642822266
4,-87.19804382324219,-90.28422546386719,-79.60490417480469,-74.82305908203125,-70.6497802734375
4,-63.46831512451172,-54.818607330322266,-56.935211181640625,-65.87212371826172,-49.3173942565918
1,-56.60553741455078,-55.93740463256836,-59.793479919433594,-60.14652633666992,-63.44656753540039
1,-66.65138244628906,-46.69184494018555,-59.66757583618164,-57.8094367980957,-64.77507019042969
0,-56.195987701416016,-61.5533447265625,-83.15162658691406,-84.10356140136719,-64.5765151977539
2,-17.746145248413086,-14.520991325378418,-10.49621868133545,-13.436479568481445,-11.073158264160156
3,-39.58152770996094,-43.17066192626953,-41.0296516418457,-27.490055084228516,-41.36075210571289
3,-78.26864624023438,-78.36788177490234,-77.72174072265625,-70.9760971069336,-78.04129791259766
1,-69.37841033935547,-44.85863494873047,-69.73876190185547,-68.2189712524414,-68.8530044555664
4,-70.62137603759766,-72.07164764404297,-70.04966735839844,-70.6153335571289,-61.72899627685547
2,-59.399314880371094,-61.64873504638672,-58.548927307128906,-60.27936553955078,-60.324100494384766
0,-60.190670013427734,-70.1761245727539,-61.65357971191406,-64.4896240234375,-65.90397644042969
2,-55.19137191772461,-59.792991638183594,-47.822906494140625,-55.28848648071289,-51.471553802490234
0,-39.783851623535156,-56.487483978271484,-62.96834945678711,-48.320648193359375,-54.32273864746094
3,-37.93000793457031,-40.47345733642578,-32.713470458984375,-32.085147857666016,-32.72991180419922
3,-55.05685043334961,-58.608192443847656,-59.00064468383789,-51.814205169677734,-58.37200927734375
1,-24.194896697998047,-19.14973258972168,-24.81782341003418,-24.570798873901367,-26.115758895874023
3,-70.0407943725586,-73.00867462158203,-79.69819641113281,-57.096763610839844,-72.31487274169922
3,-95.37024688720703,-93.34928131103516,-97.66600799560547,-82.20191192626953,-91.63850402832031
3,-102.80667877197266,-103.23976135253906,-98.83622741699219,-89.01174926757812,-106.92691040039062
1,-87.92521667480469,-81.36109924316406,-82.54100036621094,-81.78022766113281,-93.2983627319336
0,-44.270286560058594,-46.06493377685547,-50.48092269897461,-53.27414321899414,-56.735931396484375
1,-55.155052185058594,-54.22227478027344,-58.10785675048828,-56.98506546020508,-59.92378616333008
4,-70.78546142578125,-64.92132568359375,-77.90889739990234,-64.80134582519531,-58.90079879760742
4,-78.96025085449219,-78.0067138671875,-80.78389739990234,-72.35504913330078,-71.4544677734375
1,-75.39505767822266,-57.31475830078125,-65.67322540283203,-66.12602233886719,-83.73849487304688
1,-59.33765411376953,-58.64917755126953,-58.964603424072266,-62.73320007324219,-62.037376403808594
2,-65.24949645996094,-56.16189193725586,-42.4721565246582,-49.31082534790039,-61.14365005493164
4,-66.33921813964844,-64.07152557373047,-65.83352661132812,-68.0663070678711,-57.01873016357422
1,-67.03449249267578,-63.6973762512207,-73.55804443359375,-80.72406768798828,-78.86534118652344
3,-92.75817108154297,-104.95929718017578,-94.7436294555664,-88.41728210449219,-91.84259033203125
1,-59.51779556274414,-46.894500732421875,-50.388240814208984,-67.20014190673828,-54.37386703491211
1,-36.37499237060547,-35.30681228637695,-45.85675811767578,-44.05458068847656,-45.70887756347656
4,-38.318992614746094,-42.5225715637207,-42.03893280029297,-42.05253219604492,-37.563453674316406
0,-58.86716079711914,-62.14897155761719,-64.77938842773438,-68.76477813720703,-68.26348114013672
2,-77.37928009033203,-87.11479949951172,-66.71255493164062,-86.75186157226562,-81.1104507446289
1,-63.49859619140625,-49.87215805053711,-63.022098541259766,-60.37954330444336,-61.43661880493164
1,-89.05563354492188,-84.29547882080078,-87.37509155273438,-99.52354431152344,-94.62263488769531
3,-52.3192253112793,-52.04615020751953,-62.49162292480469,-44.04917907714844,-63.98250961303711
1,-88.1175308227539,-65.5669937133789,-79.5855941772461,-69.00212097167969,-84.5153579711914
0,-52.546485900878906,-69.0428695678711,-65.43519592285156,-70.83672332763672,-60.3690185546875
1,-43.60064697265625,-27.954837799072266,-42.75388717651367,-38.59324264526367,-39.43955612182617
2,-66.02545928955078,-74.18233489990234,-50.30194091796875,-69.89443969726562,-56.932762145996094
0,-52.27186584472656,-59.686073303222656,-62.62782287597656,-53.813804626464844,-58.840606689453125
1,-67.4477767944336,-51.852195739746094,-52.57164764404297,-65.43354797363281,-63.021480560302734
0,-91.8826675415039,-99.2479019165039,-108.16771697998047,-100.00880432128906,-101.10603332519531
3,-46.269203186035156,-50.66709518432617,-49.64803695678711,-40.27084732055664,-47.872802734375
0,-63.00294494628906,-78.67774963378906,-67.91450500488281,-77.33606719970703,-72.89331817626953
4,-61.75653839111328,-67.27394104003906,-70.31209564208984,-64.41838073730469,-51.87637710571289
3,-108.87467956542969,-92.54332733154297,-97.31161499023438,-76.72399139404297,-104.62606811523438
1,-87.30487823486328,-86.824462890625,-89.79640197753906,-86.96643829345703,-89.67729187011719
4,-77.50959777832031,-67.81686401367188,-67.64897155761719,-76.23104858398438,-66.08382415771484
2,-70.27386474609375,-65.60469818115234,-65.46473693847656,-65.93194580078125,-72.34220123291016
0,-65.27983856201172,-73.60075378417969,-74.25631713867188,-70.5167007446289,-72.67176818847656
3,-75.8326416015625,-67.64897155761719,-80.08572387695312,-52.77989196777344,-68.64527893066406
3,-69.44502258300781,-70.18733215332031,-75.79047393798828,-54.31731414794922,-58.05331802368164
1,-59.29199981689453,-56.531227111816406,-63.385746002197266,-62.63169860839844,-58.622894287109375
1,-75.53128814697266,-72.81602478027344,-74.90778350830078,-90.93445587158203,-78.11913299560547
3,-64.91419219970703,-60.94251251220703,-66.85823059082031,-57.50913619995117,-64.6651382446289
2,-59.68897247314453,-65.54119110107422,-48.561275482177734,-62.84660339355469,-58.64634323120117
1,-78.8542251586914,-69.03733825683594,-77.76258087158203,-75.42472076416016,-82.69313049316406
1,-76.38929748535156,-63.717430114746094,-69.85578918457031,-77.81745910644531,-75.81161499023438
0,-37.995784759521484,-48.33384323120117,-49.08678436279297,-51.79191970825195,-47.78429412841797
3,-75.63519287109375,-64.97052001953125,-65.4178695678711,-60.27288055419922,-76.51777648925781
3,-75.96241760253906,-80.35368347167969,-68.09542083740234,-61.570186614990234,-69.62421417236328
4,-42.021915435791016,-42.32278060913086,-50.41030502319336,-45.03755187988281,-40.92074203491211
3,-75.7132568359375,-73.41783905029297,-59.994998931884766,-48.971046447753906,-49.176719665527344
1,-62.957279205322266,-56.9762077331543,-78.64328002929688,-73.80880737304688,-67.35042572021484
3,-83.12890625,-83.17765808105469,-86.49456024169922,-61.089046478271484,-88.1402816772461
0,-54.65900802612305,-61.211727142333984,-57.91075897216797,-58.3544921875,-55.76829528808594
2,-64.91157531738281,-63.14902114868164,-52.35647201538086,-68.07693481445312,-63.984806060791016
0,-25.69289207458496,-29.19684410095215,-41.93547058105469,-35.26734161376953,-33.627010345458984
0,-61.147735595703125,-72.75399780273438,-69.3346176147461,-76.82225799560547,-82.16685485839844
3,-64.2146987915039,-57.70733642578125,-64.32156372070312,-54.46817398071289,-62.790218353271484
0,-92.25769805908203,-105.34596252441406,-108.47252655029297,-100.06156158447266,-107.54573059082031
2,-60.13947296142578,-59.73434066772461,-54.011600494384766,-66.46246337890625,-63.49485397338867
2,-32.44204330444336,-41.47032928466797,-27.675994873046875,-37.510345458984375,-40.11128234863281
2,-70.15995788574219,-80.14454650878906,-50.80967330932617,-52.0946044921875,-62.209922790527344
3,-73.79530334472656,-89.16131591796875,-79.14502716064453,-70.40109252929688,-85.56041717529297
2,-33.24205017089844,-30.644784927368164,-28.499799728393555,-38.757545471191406,-33.85149002075195
1,-86.00762176513672,-68.03535461425781,-81.65418243408203,-81.42826843261719,-76.28656768798828
3,-44.12308120727539,-43.53411865234375,-44.07130813598633,-40.184627532958984,-50.082122802734375
2,-43.30745315551758,-36.72125244140625,-33.66582489013672,-43.05147171020508,-42.79591751098633
1,-78.16654968261719,-77.55531311035156,-98.46977996826172,-79.93577575683594,-87.83424377441406
4,-72.952880859375,-71.77342224121094,-68.4495620727539,-68.06961822509766,-62.559085845947266
4,-62.21574401855469,-52.233768463134766,-52.2706413269043,-59.51367950439453,-51.19902801513672
1,-74.50738525390625,-61.58464050292969,-82.8916015625,-75.12322235107422,-87.01539611816406
4,-123.31826782226562,-125.04713439941406,-122.91818237304688,-112.88185119628906,-100.39910125732422
2,-94.38224792480469,-92.25691986083984,-74.00919342041016,-91.033935546875,-86.18155670166016
0,-39.38541793823242,-59.56191635131836,-55.85350799560547,-60.8590087890625,-44.562591552734375
2,-92.69855499267578,-90.80888366699219,-77.43130493164062,-87.01017761230469,-79.66698455810547
2,-69.5556869506836,-68.98681640625,-58.74330139160156,-77.36617279052734,-69.15904235839844
1,-50.24684524536133,-42.84615707397461,-47.52423858642578,-49.833702087402344,-53.13108444213867
0,-52.084720611572266,-63.60918045043945,-69.10828399658203,-57.722251892089844,-65.99815368652344
1,-49.10566329956055,-47.33866882324219,-54.331939697265625,-57.14387893676758,-51.56952667236328
0,-68.88105773925781,-82.09622192382812,-87.64179992675781,-72.19717407226562,-74.6733627319336
3,-58.27865982055664,-60.76806640625,-56.34337615966797,-40.521827697753906,-59.14586639404297
4,-65.1590805053711,-65.8493423461914,-68.51680755615234,-63.92216491699219,-63.296241760253906
0,-60.18101501464844,-74.25514221191406,-69.80853271484375,-61.88874816894531,-61.003082275390625
1,-54.00977325439453,-38.329105377197266,-54.423431396484375,-52.736846923828125,-49.171939849853516
3,-49.13489532470703,-48.034385681152344,-48.990352630615234,-39.63480758666992,-40.80435562133789
3,-68.54048919677734,-67.77217864990234,-59.15208053588867,-56.48162841796875,-61.965240478515625
0,-52.260345458984375,-73.45515441894531,-64.53874969482422,-60.0384521484375,-74.85823822021484
0,-18.60611915588379,-26.614343643188477,-23.185197830200195,-20.80329132080078,-23.21420669555664
4,-46.13932800292969,-47.47588348388672,-57.60919189453125,-47.87477493286133,-43.24694061279297
2,-66.64527130126953,-57.59574890136719,-57.108821868896484,-68.9135971069336,-61.3013916015625
1,-35.801307678222656,-18.103784561157227,-22.430906295776367,-29.790470123291016,-22.750511169433594
0,-49.188663482666016,-61.52260971069336,-61.913089752197266,-55.117637634277344,-59.217613220214844
4,-76.29632568359375,-75.3031005859375,-76.6906509399414,-78.3665542602539,-66.68995666503906
4,-117.95475006103516,-111.87999725341797,-122.53018951416016,-122.13340759277344,-101.70118713378906
2,-77.53347778320312,-81.77992248535156,-63.25354766845703,-78.75635528564453,-69.31969451904297
4,-98.7721176147461,-100.75570678710938,-94.07006072998047,-92.21623229980469,-85.03097534179688
3,-71.16096496582031,-66.02793884277344,-75.7412338256836,-58.73390197753906,-75.11991882324219
2,-84.12651824951172,-78.91057586669922,-69.56339263916016,-82.64571380615234,-81.1009521484375
3,-76.78854370117188,-70.1477279663086,-66.21074676513672,-65.2824935913086,-72.6927719116211
4,-31.175695419311523,-40.52518081665039,-31.035799026489258,-35.08723449707031,-23.645124435424805
0,-61.565818786621094,-93.67754364013672,-85.30596923828125,-86.72602844238281,-87.35265350341797
2,-76.05606842041016,-62.95050811767578,-62.67985916137695,-69.49607849121094,-80.57658386230469
1,-67.842529296875,-58.79706954956055,-69.74915313720703,-63.000701904296875,-65.07311248779297
4,-63.88042068481445,-60.82018280029297,-55.654518127441406,-62.1798095703125,-53.77028274536133
2,-74.59658813476562,-75.1196060180664,-57.6788215637207,-62.636146545410156,-78.51405334472656
0,-91.8771743774414,-100.5599136352539,-102.63861083984375,-108.20856475830078,-99.17044067382812
4,-51.51806640625,-56.42007064819336,-49.353515625,-52.474082946777344,-47.1016845703125
4,-78.15082550048828,-85.92286682128906,-78.59603881835938,-81.02828979492188,-70.9048843383789
4,-80.09213256835938,-86.244140625,-87.07270812988281,-73.46334838867188,-70.06089782714844
2,-98.267578125,-94.45938873291016,-86.53060150146484,-100.78593444824219,-105.11140441894531
2,-65.65595245361328,-66.8454818725586,-55.224586486816406,-57.76289367675781,-59.20982360839844
3,-67.41635131835938,-70.21092224121094,-70.97489929199219,-58.222415924072266,-68.44063568115234
0,-68.94792175292969,-93.67445373535156,-82.4964828491211,-82.76532745361328,-86.5032958984375
3,-42.10171890258789,-49.0855712890625,-38.17289352416992,-31.89638328552246,-42.262088775634766
3,-72.3826904296875,-74.1460952758789,-71.3823471069336,-64.45760345458984,-68.3272933959961
3,-73.01952362060547,-70.13567352294922,-73.67741394042969,-57.768192291259766,-67.01934051513672
1,-97.542724609375,-81.2493667602539,-95.17364501953125,-87.12970733642578,-92.10246276855469
4,-81.39518737792969,-82.11585235595703,-78.2646255493164,-82.89640808105469,-77.45821380615234
1,-82.28067016601562,-67.62749481201172,-80.41629791259766,-89.38197326660156,-89.14768981933594
2,-53.221641540527344,-57.2762565612793,-51.72861099243164,-61.654056549072266,-59.01356887817383
2,-74.44744110107422,-65.67598724365234,-55.33290100097656,-75.05767822265625,-68.87483215332031
0,-49.49798583984375,-64.34251403808594,-64.74269104003906,-60.851806640625,-63.78712463378906
2,-76.46099090576172,-64.97010040283203,-53.66213607788086,-66.71620178222656,-64.23091125488281
2,-80.66594696044922,-74.05752563476562,-65.09741973876953,-77.2800064086914,-75.58039093017578
1,-61.55596923828125,-44.23972702026367,-61.75796127319336,-58.665557861328125,-62.76390838623047
4,-76.9283218383789,-73.11563873291016,-83.32028198242188,-82.29511260986328,-70.36329650878906
3,-133.8675994873047,-131.8297576904297,-133.56092834472656,-117.82966613769531,-129.3599395751953
2,-74.82960510253906,-83.83147430419922,-57.17439270019531,-73.58106231689453,-75.76846313476562
4,-89.28881072998047,-86.61128997802734,-88.6661148071289,-83.98908996582031,-76.8841552734375
1,-64.11676788330078,-61.32440948486328,-64.08472442626953,-70.22596740722656,-63.7169189453125
0,-48.04835891723633,-48.1555290222168,-59.707786560058594,-55.73947525024414,-60.52698516845703
3,-78.09954071044922,-63.90129470825195,-74.29570770263672,-55.463844299316406,-70.03753662109375
3,-56.1356315612793,-50.22071838378906,-47.45322799682617,-41.773345947265625,-58.140892028808594
3,-111.13837432861328,-113.84642791748047,-119.64654541015625,-108.2820053100586,-111.4767837524414
1,-59.797569274902344,-53.25514221191406,-63.46700668334961,-56.83915328979492,-57.37990188598633
2,-45.77239990234375,-48.73332214355469,-39.2039909362793,-49.4619255065918,-45.93606185913086
2,-89.98748016357422,-94.15873718261719,-84.89935302734375,-89.21365356445312,-92.4045181274414
0,-55.13741683959961,-56.669246673583984,-64.51346588134766,-55.832916259765625,-56.776405334472656
2,-54.91428756713867,-55.22511291503906,-54.464229583740234,-61.373905181884766,-60.23250198364258
1,-96.5609359741211,-80.10726928710938,-81.99671936035156,-83.18683624267578,-87.19251251220703
2,-48.06380844116211,-50.796573638916016,-43.892356872558594,-47.340579986572266,-47.802059173583984
1,-79.73689270019531,-65.02812194824219,-81.3735580444336,-81.6152114868164,-81.968994140625
0,-62.241920471191406,-74.28084564208984,-70.73896789550781,-81.27349853515625,-71.1400375366211
1,-71.51692962646484,-58.14392852783203,-79.79341888427734,-85.15178680419922,-90.35742950439453
3,-43.49638748168945,-54.95501708984375,-51.57134246826172,-33.984825134277344,-58.62674331665039
0,-63.487491607666016,-74.2510986328125,-77.01371002197266,-75.4610366821289,-80.3933334350586
2,-57.423892974853516,-61.10743713378906,-45.76127624511719,-64.0523452758789,-60.184478759765625
1,-76.77870178222656,-70.54612731933594,-85.25521087646484,-90.01738739013672,-89.7029800415039
3,-32.34757614135742,-38.50299072265625,-35.64569091796875,-27.137418746948242,-34.691287994384766
3,-51.382408142089844,-53.607425689697266,-40.041690826416016,-36.338523864746094,-39.899574279785156
0,-45.48545837402344,-55.67628479003906,-54.66685104370117,-46.822078704833984,-59.00584411621094
4,-58.51920700073242,-53.09299087524414,-51.36452865600586,-53.71072769165039,-49.38365173339844
2,-27.082504272460938,-29.73809051513672,-21.909927368164062,-24.9533634185791,-28.671613693237305
1,-65.62161254882812,-52.524139404296875,-62.95374298095703,-60.268226623535156,-60.949825286865234
3,-50.981361389160156,-52.03730010986328,-57.83980941772461,-49.30952072143555,-54.77996063232422
0,-73.39546966552734,-85.44224548339844,-86.78512573242188,-81.5863265991211,-78.10735321044922
4,-91.41301727294922,-81.89315795898438,-77.2453384399414,-89.25293731689453,-76.80257415771484
0,-42.874420166015625,-47.932647705078125,-60.6801872253418,-50.38764572143555,-54.03987121582031
4,-46.2450065612793,-36.53254318237305,-37.65715789794922,-43.2182502746582,-31.841188430786133
4,-54.494102478027344,-54.769134521484375,-51.39441680908203,-53.89794158935547,-44.86164474487305
2,-85.2375717163086,-90.50569152832031,-78.9280014038086,-94.32960510253906,-91.67149353027344
4,-66.36876678466797,-61.65148162841797,-56.70679473876953,-56.329132080078125,-55.581756591796875
4,-83.94330596923828,-83.44514465332031,-79.04248809814453,-87.86217498779297,-70.04271697998047
0,-78.7196273803711,-85.01191711425781,-90.41788482666016,-91.82089233398438,-90.07772827148438
0,-97.65531158447266,-110.82845306396484,-117.44290924072266,-109.38987731933594,-100.47040557861328
0,-55.72502136230469,-64.5015869140625,-61.628379821777344,-61.80189514160156,-60.33638381958008
4,-72.68348693847656,-69.01891326904297,-72.81446075439453,-71.5727310180664,-68.07930755615234
4,-72.34967803955078,-71.7484359741211,-75.85502624511719,-76.1244125366211,-70.03321838378906
2,-89.59100341796875,-85.51582336425781,-78.42074584960938,-88.49706268310547,-99.31486511230469
4,-49.002410888671875,-47.89543151855469,-46.386924743652344,-50.2093620300293,-32.83354187011719
0,-70.74848175048828,-86.75077819824219,-83.9428482055664,-81.20800018310547,-81.16606140136719
1,-61.057151794433594,-47.82881164550781,-68.38005065917969,-61.58705520629883,-62.79804611206055
4,-68.76969909667969,-74.13800811767578,-69.20785522460938,-76.48235321044922,-66.53581237792969
3,-80.30814361572266,-61.95737075805664,-63.77592849731445,-60.97629165649414,-65.29650115966797
1,-64.0364761352539,-49.57990646362305,-65.84403228759766,-62.41405487060547,-60.71173095703125
3,-40.680931091308594,-40.01332473754883,-35.15045928955078,-28.286205291748047,-35.390777587890625
3,-74.30747985839844,-79.89848327636719,-75.5572280883789,-67.23087310791016,-81.5802993774414
0,-64.6695556640625,-79.50122833251953,-79.89588928222656,-70.95611572265625,-79.5809555053711
4,-76.94254302978516,-86.6264877319336,-86.85253143310547,-77.2412109375,-65.900390625
4,-55.264320373535156,-49.76328659057617,-52.699913024902344,-41.787147521972656,-36.754276275634766
3,-65.8462905883789,-66.241455078125,-66.85111999511719,-57.892940521240234,-67.77786254882812
4,-69.12622833251953,-66.5906982421875,-60.771934509277344,-62.316734313964844,-57.077003479003906
1,-62.261924743652344,-59.24882507324219,-60.1730842590332,-69.14513397216797,-67.36084747314453
4,-45.4523811340332,-46.885196685791016,-52.85060119628906,-44.69926452636719,-44.37329864501953
1,-69.29361724853516,-51.41802978515625,-61.1643180847168,-63.664344787597656,-53.980224609375
1,-80.28487396240234,-68.4472885131836,-78.61463165283203,-71.98075103759766,-72.56672668457031
0,-84.71170043945312,-108.06989288330078,-113.57219696044922,-107.15862274169922,-109.91996002197266
0,-77.74647521972656,-90.86392974853516,-91.99246978759766,-90.98252868652344,-87.94103240966797
0,-78.19345092773438,-81.98511505126953,-83.4840316772461,-86.83147430419922,-92.0929946899414
0,-67.2011947631836,-72.42086791992188,-74.85913848876953,-75.46268463134766,-83.01660919189453
2,-51.417640686035156,-59.041873931884766,-49.2327995300293,-50.2145881652832,-62.81417465209961
0,-70.36581420898438,-77.16973114013672,-74.16939544677734,-93.90204620361328,-85.12749481201172
3,-37.31326675415039,-55.813934326171875,-54.180259704589844,-36.95534133911133,-44.800506591796875
3,-60.61589813232422,-61.07595443725586,-63.71730041503906,-50.23916244506836,-60.94544219970703
0,-32.366668701171875,-44.991127014160156,-44.000892639160156,-38.68531799316406,-44.39873504638672
4,-58.87296676635742,-56.74238586425781,-66.19094848632812,-57.733917236328125,-50.13597869873047
4,-90.28980255126953,-84.86470794677734,-89.99996185302734,-88.36637115478516,-66.6416015625
1,-69.68269348144531,-60.63661193847656,-60.76824951171875,-65.48596954345703,-68.91537475585938
4,-80.75836181640625,-79.35860443115234,-87.01293182373047,-84.11492156982422,-69.44257354736328
3,-109.93333435058594,-109.27218627929688,-102.70521545410156,-97.5477294921875,-103.905517578125
0,-85.29558563232422,-101.3731689453125,-102.1439208984375,-101.09590148925781,-98.12948608398438
3,-61.8554801940918,-59.37944030761719,-71.93282318115234,-53.760135650634766,-66.67180633544922
1,-104.7073745727539,-86.15816497802734,-94.15384674072266,-91.3369140625,-94.51920318603516
0,-68.37753295898438,-69.99988555908203,-73.6501693725586,-77.02784729003906,-84.3388900756836
3,-66.8936538696289,-67.0879898071289,-62.32621383666992,-57.373226165771484,-66.41317749023438
4,-60.5742301940918,-53.55350112915039,-70.86399841308594,-76.09134674072266,-53.538475036621094
3,-62.201873779296875,-69.09107208251953,-63.42748260498047,-60.61375427246094,-63.068702697753906
2,-71.31951904296875,-77.35369110107422,-58.158382415771484,-66.67086791992188,-84.67691040039062
0,-62.715389251708984,-82.76363372802734,-76.61134338378906,-83.08135986328125,-77.03868103027344
1,-69.09270477294922,-47.528038024902344,-71.73440551757812,-70.76250457763672,-74.04308319091797
0,-83.33732604980469,-91.87030792236328,-83.84430694580078,-92.397216796875,-85.94044494628906
4,-75.91764068603516,-79.62187957763672,-81.33878326416016,-70.68871307373047,-65.865234375
4,-81.78680419921875,-83.49729919433594,-87.13402557373047,-80.2056884765625,-71.27893829345703
1,-71.42007446289062,-61.775306701660156,-67.85050201416016,-67.9038314819336,-74.84564971923828
4,-131.2209014892578,-132.10394287109375,-129.0286407470703,-133.4884490966797,-113.58686828613281
0,-78.08792877197266,-94.4955062866211,-95.02550506591797,-94.28644561767578,-83.1662826538086
3,-77.33186340332031,-61.683189392089844,-70.23835754394531,-59.56792068481445,-72.41352844238281
4,-82.10612487792969,-87.99960327148438,-80.85691833496094,-83.48534393310547,-79.39749145507812
0,-40.820716857910156,-43.23832702636719,-43.41637420654297,-49.210304260253906,-44.783321380615234
3,-39.8447151184082,-39.03187942504883,-55.942100524902344,-37.698055267333984,-46.41228485107422
2,-41.31949234008789,-44.964168548583984,-28.994213104248047,-37.9426383972168,-35.94059753417969
2,-85.09849548339844,-85.42271423339844,-66.82057189941406,-81.42345428466797,-97.01885986328125
4,-54.07269287109375,-62.9870719909668,-57.2496452331543,-63.69526672363281,-51.399600982666016
2,-76.86378479003906,-67.60914611816406,-58.4218635559082,-72.208251953125,-66.59010314941406
1,-68.560302734375,-67.81808471679688,-76.43620300292969,-82.53311920166016,-69.62882232666016
2,-51.26905059814453,-48.33310317993164,-39.53718566894531,-46.95608901977539,-46.863731384277344
2,-74.04875183105469,-73.24144744873047,-63.85334014892578,-64.23077392578125,-65.21849060058594
4,-79.74320220947266,-76.40563201904297,-84.69877624511719,-93.9169692993164,-71.52601623535156
0,-73.42825317382812,-82.98287200927734,-80.56102752685547,-76.30475616455078,-85.08139038085938
1,-74.8659439086914,-54.02838897705078,-72.34832000732422,-76.4697494506836,-78.58412170410156
3,-71.02047729492188,-71.0927505493164,-61.26518249511719,-57.46830368041992,-77.11573028564453
2,-54.67093276977539,-56.678924560546875,-46.138614654541016,-53.76323318481445,-57.965877532958984
0,-46.74967956542969,-49.577388763427734,-48.00943374633789,-53.29300308227539,-53.51804733276367
2,-66.71512603759766,-60.219146728515625,-50.56979751586914,-75.4941177368164,-58.44151306152344
0,-54.367271423339844,-73.32588195800781,-79.18807220458984,-80.7509536743164,-83.64972686767578
2,-61.55466842651367,-61.091346740722656,-36.08994674682617,-44.58195877075195,-59.88251876831055
1,-87.00684356689453,-74.90302276611328,-92.32293701171875,-90.46533966064453,-93.26422119140625
4,-58.623268127441406,-57.845088958740234,-66.40238952636719,-68.40824127197266,-41.685611724853516
4,-108.23314666748047,-103.7872314453125,-101.28717041015625,-100.74827575683594,-81.13919067382812
4,-83.64642333984375,-87.4121322631836,-96.60213470458984,-86.40105438232422,-71.1183090209961
2,-73.73456573486328,-77.69595336914062,-73.20789337158203,-76.74363708496094,-79.42767333984375
4,-156.89492797851562,-162.0162811279297,-154.4976806640625,-156.88807678222656,-149.8870086669922
0,-64.05104064941406,-82.71089935302734,-91.55162811279297,-93.59435272216797,-91.71247863769531
1,-50.296669006347656,-41.03855895996094,-48.67674255371094,-49.35771560668945,-51.970157623291016
3,-90.14124298095703,-87.1564712524414,-95.27732849121094,-82.98013305664062,-92.19549560546875
3,-71.9939956665039,-82.96493530273438,-84.7403564453125,-66.41840362548828,-85.7226333618164
1,-51.91120147705078,-44.0291748046875,-64.84931945800781,-58.75217056274414,-46.79078674316406
2,-54.47589111328125,-55.7465705871582,-39.31066131591797,-51.801292419433594,-47.05195999145508
3,-68.76380157470703,-70.41390991210938,-73.86837768554688,-58.750579833984375,-86.24989318847656
2,-78.05834197998047,-61.3823356628418,-55.01336669921875,-79.82843780517578,-71.1413803100586
4,-58.267578125,-58.00796890258789,-61.176841735839844,-64.34317016601562,-56.26483917236328
3,-54.92938995361328,-45.42254638671875,-46.173065185546875,-41.45740509033203,-53.51838684082031
1,-60.683326721191406,-50.569889068603516,-64.9330062866211,-72.91114044189453,-69.87324523925781
4,-59.15144348144531,-62.664485931396484,-70.87315368652344,-71.26549530029297,-51.265560150146484
1,-115.17591857910156,-94.2122802734375,-110.2164306640625,-114.74073028564453,-97.75885772705078
2,-79.48756408691406,-81.1054458618164,-65.800537109375,-85.23149871826172,-85.69735717773438
1,-49.68824768066406,-34.49790573120117,-50.82166290283203,-41.969512939453125,-43.25163269042969
1,-77.35466003417969,-73.6265869140625,-77.86080932617188,-90.0208969116211,-87.30742645263672
1,-62.57307815551758,-53.375343322753906,-53.64094924926758,-61.118343353271484,-58.40811538696289
3,-72.21076965332031,-64.40812683105469,-68.88671875,-63.19640350341797,-74.987060546875
4,-85.52471160888672,-87.88671112060547,-76.61539459228516,-75.73320007324219,-70.00910949707031
1,-64.58499908447266,-57.16021728515625,-58.42951202392578,-60.5810546875,-59.439048767089844
0,-58.34428787231445,-78.22049713134766,-84.1783447265625,-81.26280212402344,-79.96870422363281
3,-38.520748138427734,-46.73545455932617,-42.718780517578125,-38.1700325012207,-48.91456985473633
3,-91.53973388671875,-87.27245330810547,-91.62127685546875,-69.79094696044922,-87.54486846923828
1,-87.33367919921875,-65.35218048095703,-77.78014373779297,-79.91952514648438,-78.14568328857422
2,-47.25907897949219,-48.583072662353516,-42.83260726928711,-44.8389778137207,-45.50087356567383
2,-23.632568359375,-30.984607696533203,-20.679370880126953,-24.13405990600586,-29.25980567932129
4,-77.46707153320312,-85.47734069824219,-78.6586685180664,-79.34231567382812,-70.28977966308594
2,-59.47494125366211,-55.62856674194336,-42.23788833618164,-57.050174713134766,-68.22762298583984
4,-71.0019302368164,-71.60276794433594,-67.71916961669922,-72.56397247314453,-57.786678314208984
3,-64.6453628540039,-65.0927505493164,-72.62897491455078,-62.609153747558594,-72.76837158203125
0,-29.68754768371582,-33.27642059326172,-32.482994079589844,-31.264665603637695,-33.81047821044922
4,-83.13526916503906,-86.22378540039062,-76.48951721191406,-75.95555114746094,-75.75007629394531
4,-73.10538482666016,-75.5106201171875,-85.78661346435547,-87.9897232055664,-71.65910339355469
0,-69.78768920898438,-76.88520812988281,-85.46893310546875,-79.31639099121094,-75.79513549804688
0,-54.5820198059082,-58.64882278442383,-68.79962921142578,-71.21443176269531,-71.6202163696289
1,-95.66445922851562,-78.22113800048828,-90.67266845703125,-93.89794158935547,-88.82820129394531
1,-78.44428253173828,-68.7757568359375,-76.41122436523438,-78.09390258789062,-84.45355987548828
0,-53.909996032714844,-55.30454635620117,-58.49073028564453,-58.35847091674805,-70.4410171508789
3,-57.8044548034668,-56.197818756103516,-67.3848648071289,-56.060638427734375,-68.08856964111328
4,-74.8074722290039,-66.23604583740234,-76.36904907226562,-70.32144165039062,-64.58395385742188
3,-76.9696044921875,-75.5586929321289,-76.36490631103516,-60.677852630615234,-74.62777709960938
3,-28.649320602416992,-27.496864318847656,-37.521934509277344,-24.069721221923828,-40.959388732910156
2,-52.811004638671875,-52.723419189453125,-47.9775390625,-55.714717864990234,-67.42366027832031
2,-77.74846649169922,-79.48066711425781,-57.29096221923828,-74.26185607910156,-71.98239135742188
